Booking_ID,no_of_adults,no_of_children,no_of_weekend_nights,no_of_week_nights,type_of_meal_plan,room_type_reserved,lead_time,lead_time_in_years,arrival_date,market_segment_type,avg_price_per_room,booking_status
INN00001,2,0,1,2,Meal Plan 1,Room_Type 1,224,0.61,2017-02-10,Offline,65.00,Not_Canceled
INN00002,2,0,2,3,Not Selected,Room_Type 1,5,0.01,2018-06-11,Online,106.68,Not_Canceled
INN00003,1,0,2,1,Meal Plan 1,Room_Type 1,1,0,2018-02-28,Online,60.00,Canceled
INN00004,2,0,0,2,Meal Plan 1,Room_Type 1,211,0.58,2018-05-20,Online,100.00,Canceled
INN00005,2,0,1,1,Not Selected,Room_Type 1,48,0.13,2018-11-04,Online,94.50,Canceled
INN00006,2,0,0,2,Meal Plan 2,Room_Type 1,346,0.95,2018-09-13,Online,115.00,Canceled
INN00007,2,0,1,3,Meal Plan 1,Room_Type 1,34,0.09,2017-10-15,Online,107.55,Not_Canceled
INN00008,2,0,1,3,Meal Plan 1,Room_Type 4,83,0.23,2018-12-26,Online,105.61,Not_Canceled
INN00009,3,0,0,4,Meal Plan 1,Room_Type 1,121,0.33,2018-06-07,Offline,96.90,Not_Canceled
INN00010,2,0,0,5,Meal Plan 1,Room_Type 4,44,0.12,2018-10-18,Online,133.44,Not_Canceled
INN00011,1,0,1,0,Not Selected,Room_Type 1,0,0,2018-11-09,Online,85.03,Not_Canceled
INN00012,1,0,2,1,Meal Plan 1,Room_Type 4,35,0.1,2018-04-30,Online,140.40,Not_Canceled
INN00013,2,0,2,1,Not Selected,Room_Type 1,30,0.08,2018-11-26,Online,88.00,Canceled
INN00014,1,0,2,0,Meal Plan 1,Room_Type 1,95,0.26,2018-11-20,Online,90.00,Canceled
INN00015,2,0,0,2,Meal Plan 1,Room_Type 1,47,0.13,2017-10-20,Online,94.50,Not_Canceled
INN00016,2,0,0,2,Meal Plan 2,Room_Type 1,256,0.7,2018-06-15,Online,115.00,Canceled
INN00017,1,0,1,0,Meal Plan 1,Room_Type 1,0,0,2017-05-10,Offline,96.00,Not_Canceled
INN00018,2,0,1,3,Not Selected,Room_Type 1,1,0,2017-10-08,Online,96.00,Not_Canceled
INN00019,2,0,2,2,Meal Plan 1,Room_Type 1,99,0.27,2017-10-30,Online,65.00,Canceled
INN00020,2,0,1,0,Meal Plan 1,Room_Type 1,12,0.03,2017-04-10,Offline,72.00,Not_Canceled
INN00021,2,0,2,2,Meal Plan 1,Room_Type 1,99,0.27,2017-10-30,Online,65.00,Canceled
INN00022,1,0,0,1,Meal Plan 1,Room_Type 1,122,0.33,2018-11-25,Corporate,67.00,Not_Canceled
INN00023,2,0,2,4,Meal Plan 1,Room_Type 1,2,0.01,2018-03-20,Offline,85.00,Not_Canceled
INN00024,2,0,0,3,Meal Plan 1,Room_Type 1,37,0.1,2018-10-13,Offline,105.00,Not_Canceled
INN00025,2,0,2,1,Not Selected,Room_Type 1,130,0.36,2018-05-22,Online,94.50,Not_Canceled
INN00026,2,0,0,2,Meal Plan 1,Room_Type 1,99,0.27,2018-04-28,Online,114.30,Not_Canceled
INN00027,2,0,1,1,Meal Plan 1,Room_Type 1,60,0.16,2017-09-21,Offline,65.00,Not_Canceled
INN00028,1,0,0,2,Meal Plan 1,Room_Type 4,2,0.01,2018-05-19,Aviation,110.00,Canceled
INN00029,1,0,1,2,Meal Plan 1,Room_Type 1,37,0.1,2017-06-11,Online,37.33,Canceled
INN00030,2,0,0,2,Meal Plan 2,Room_Type 1,56,0.15,2017-09-17,Offline,82.00,Not_Canceled
INN00031,2,0,1,1,Meal Plan 1,Room_Type 4,3,0.01,2017-09-19,Online,177.50,Not_Canceled
INN00032,2,0,2,2,Meal Plan 1,Room_Type 1,107,0.29,2018-11-13,Online,87.50,Not_Canceled
INN00033,0,2,0,3,Meal Plan 1,Room_Type 2,56,0.15,2018-07-12,Online,82.44,Not_Canceled
INN00034,2,0,0,1,Not Selected,Room_Type 1,2,0.01,2018-09-01,Online,69.50,Not_Canceled
INN00035,2,0,0,2,Meal Plan 1,Room_Type 1,72,0.2,2018-07-10,Offline,85.50,Not_Canceled
INN00036,2,0,0,1,Not Selected,Room_Type 1,23,0.06,2018-04-27,Online,115.00,Not_Canceled
INN00037,1,0,2,1,Meal Plan 1,Room_Type 1,34,0.09,2018-06-19,Online,81.00,Canceled
INN00038,2,0,0,1,Meal Plan 1,Room_Type 1,289,0.79,2017-10-17,Offline,67.00,Not_Canceled
INN00039,2,0,2,3,Not Selected,Room_Type 1,247,0.68,2018-11-19,Online,63.75,Canceled
INN00040,2,0,2,1,Meal Plan 1,Room_Type 4,186,0.51,2018-07-30,Online,121.80,Canceled
INN00041,2,0,0,4,Meal Plan 1,Room_Type 1,64,0.18,2018-01-11,Online,93.60,Not_Canceled
INN00042,2,0,0,2,Meal Plan 1,Room_Type 1,35,0.1,2018-06-21,Online,102.00,Not_Canceled
INN00043,3,0,2,1,Meal Plan 1,Room_Type 1,96,0.26,2018-10-04,Online,121.80,Not_Canceled
INN00044,2,0,1,1,Not Selected,Room_Type 1,41,0.11,2018-06-27,Online,98.10,Canceled
INN00045,2,0,0,4,Meal Plan 1,Room_Type 4,55,0.15,2017-11-18,Offline,60.00,Not_Canceled
INN00046,2,0,0,3,Meal Plan 1,Room_Type 1,146,0.4,2017-12-29,Offline,75.00,Not_Canceled
INN00047,1,0,0,2,Meal Plan 1,Room_Type 1,32,0.09,2017-11-20,Offline,73.00,Not_Canceled
INN00048,2,0,0,1,Meal Plan 2,Room_Type 1,55,0.15,2018-06-04,Offline,104.00,Not_Canceled
INN00049,2,0,0,4,Not Selected,Room_Type 1,57,0.16,2018-01-11,Online,79.20,Not_Canceled
INN00050,1,0,1,3,Meal Plan 1,Room_Type 4,7,0.02,2018-12-29,Online,125.80,Not_Canceled
INN00051,1,0,2,5,Not Selected,Room_Type 1,124,0.34,2018-05-30,Online,87.95,Not_Canceled
INN00052,2,0,2,2,Meal Plan 2,Room_Type 1,169,0.46,2018-04-22,Online,106.00,Canceled
INN00053,1,0,1,2,Meal Plan 1,Room_Type 1,6,0.02,2018-05-16,Online,136.67,Not_Canceled
INN00054,2,0,0,4,Meal Plan 1,Room_Type 4,51,0.14,2017-11-11,Offline,60.00,Not_Canceled
INN00055,2,0,1,0,Not Selected,Room_Type 1,13,0.04,2018-06-13,Online,89.00,Not_Canceled
INN00056,2,0,1,3,Meal Plan 1,Room_Type 1,100,0.27,2018-05-19,Online,136.00,Not_Canceled
INN00057,2,0,0,1,Not Selected,Room_Type 1,139,0.38,2018-07-28,Online,94.50,Not_Canceled
INN00058,2,0,1,2,Meal Plan 1,Room_Type 1,117,0.32,2018-12-26,Online,93.60,Not_Canceled
INN00059,2,0,1,4,Meal Plan 1,Room_Type 4,39,0.11,2018-04-20,Online,120.60,Canceled
INN00060,2,0,0,3,Meal Plan 1,Room_Type 4,86,0.24,2018-06-04,Online,99.30,Not_Canceled
INN00061,2,2,0,1,Meal Plan 1,Room_Type 6,2,0.01,2018-02-09,Online,258.00,Not_Canceled
INN00062,1,0,0,3,Meal Plan 1,Room_Type 4,19,0.05,2018-03-05,Online,120.12,Not_Canceled
INN00063,1,0,0,2,Meal Plan 1,Room_Type 1,192,0.53,2018-06-24,Offline,95.00,Not_Canceled
INN00064,1,0,0,1,Meal Plan 1,Room_Type 1,2,0.01,2017-10-09,Complementary,0.00,Not_Canceled
INN00065,2,0,2,1,Meal Plan 1,Room_Type 1,86,0.24,2018-12-18,Offline,75.00,Not_Canceled
INN00066,2,0,0,3,Meal Plan 1,Room_Type 4,30,0.08,2018-05-10,Online,157.50,Not_Canceled
INN00067,2,0,0,2,Meal Plan 1,Room_Type 4,179,0.49,2018-03-06,Online,97.70,Not_Canceled
INN00068,2,0,0,2,Meal Plan 1,Room_Type 4,26,0.07,2018-04-15,Online,142.00,Canceled
INN00069,2,0,0,1,Meal Plan 1,Room_Type 1,55,0.15,2018-06-04,Offline,80.00,Not_Canceled
INN00070,2,0,1,2,Meal Plan 1,Room_Type 1,74,0.2,2018-04-25,Online,85.50,Not_Canceled
INN00071,2,0,0,3,Meal Plan 1,Room_Type 1,143,0.39,2018-08-25,Offline,100.00,Not_Canceled
INN00072,2,0,1,0,Not Selected,Room_Type 1,34,0.09,2018-11-14,Online,88.00,Not_Canceled
INN00073,2,0,1,1,Meal Plan 1,Room_Type 1,30,0.08,2018-08-29,Online,122.85,Not_Canceled
INN00074,2,0,0,2,Meal Plan 1,Room_Type 1,177,0.48,2018-03-06,Online,100.00,Canceled
INN00075,2,0,2,3,Meal Plan 1,Room_Type 4,34,0.09,2017-10-25,Offline,75.00,Not_Canceled
INN00076,2,0,1,4,Meal Plan 1,Room_Type 4,18,0.05,2018-09-03,Online,116.80,Not_Canceled
INN00077,3,0,1,1,Meal Plan 1,Room_Type 4,267,0.73,2018-12-31,Online,121.50,Not_Canceled
INN00078,2,0,1,2,Meal Plan 1,Room_Type 1,64,0.18,2018-06-27,Online,111.90,Not_Canceled
INN00079,3,0,2,5,Meal Plan 1,Room_Type 4,155,0.42,2018-06-28,Online,121.55,Canceled
INN00080,2,0,0,5,Meal Plan 1,Room_Type 1,46,0.13,2018-03-29,Offline,75.00,Not_Canceled
INN00081,2,2,0,2,Meal Plan 1,Room_Type 6,83,0.23,2018-01-04,Online,159.30,Canceled
INN00082,2,0,0,5,Meal Plan 1,Room_Type 4,128,0.35,2018-11-10,Online,132.30,Canceled
INN00083,2,0,2,0,Not Selected,Room_Type 1,20,0.05,2018-12-25,Online,88.00,Not_Canceled
INN00084,2,0,1,4,Meal Plan 1,Room_Type 4,40,0.11,2018-03-14,Online,98.82,Not_Canceled
INN00085,2,0,1,2,Meal Plan 1,Room_Type 4,46,0.13,2018-04-03,Online,98.30,Not_Canceled
INN00086,1,0,1,0,Meal Plan 1,Room_Type 1,1,0,2018-10-17,Online,150.00,Not_Canceled
INN00087,2,0,2,3,Not Selected,Room_Type 1,196,0.54,2018-04-09,Online,96.05,Not_Canceled
INN00088,1,0,0,2,Meal Plan 1,Room_Type 1,188,0.52,2018-06-15,Online,130.00,Canceled
INN00089,2,0,0,1,Not Selected,Room_Type 1,17,0.05,2018-10-12,Online,95.00,Not_Canceled
INN00090,2,0,0,3,Meal Plan 1,Room_Type 5,146,0.4,2018-09-08,Offline,113.56,Not_Canceled
INN00091,2,0,1,3,Not Selected,Room_Type 1,110,0.3,2018-05-05,Online,101.58,Not_Canceled
INN00092,2,0,1,2,Meal Plan 1,Room_Type 1,68,0.19,2018-03-18,Online,105.30,Not_Canceled
INN00093,2,0,2,1,Meal Plan 1,Room_Type 4,73,0.2,2018-09-04,Online,115.80,Not_Canceled
INN00094,2,0,0,1,Meal Plan 1,Room_Type 4,92,0.25,2018-05-19,Online,149.40,Not_Canceled
INN00095,2,0,2,5,Meal Plan 1,Room_Type 1,171,0.47,2018-08-30,Online,111.59,Canceled
INN00096,2,1,0,2,Meal Plan 1,Room_Type 1,134,0.37,2018-04-08,Online,130.50,Not_Canceled
INN00097,2,0,0,2,Meal Plan 2,Room_Type 1,320,0.88,2018-08-18,Online,115.00,Canceled
INN00098,2,0,0,4,Meal Plan 1,Room_Type 1,118,0.32,2018-04-13,Online,90.95,Not_Canceled
INN00099,2,0,0,3,Meal Plan 1,Room_Type 1,30,0.08,2018-11-17,Online,76.08,Not_Canceled
INN00100,2,2,1,3,Meal Plan 1,Room_Type 6,30,0.08,2018-12-22,Online,156.90,Not_Canceled
INN00101,2,0,1,0,Not Selected,Room_Type 1,189,0.52,2018-10-23,Online,85.50,Not_Canceled
INN00102,3,0,1,2,Meal Plan 1,Room_Type 4,55,0.15,2018-05-13,Online,159.30,Not_Canceled
INN00103,1,0,0,4,Meal Plan 1,Room_Type 1,55,0.15,2018-12-13,Online,74.80,Not_Canceled
INN00104,2,0,0,1,Meal Plan 1,Room_Type 1,16,0.04,2017-10-31,Online,95.00,Not_Canceled
INN00105,2,0,0,3,Meal Plan 1,Room_Type 1,24,0.07,2017-08-10,Online,107.00,Not_Canceled
INN00106,2,0,0,3,Meal Plan 1,Room_Type 1,8,0.02,2018-02-16,Offline,64.00,Not_Canceled
INN00107,2,0,1,4,Meal Plan 1,Room_Type 1,10,0.03,2017-02-11,Online,82.95,Not_Canceled
INN00108,2,0,1,3,Meal Plan 1,Room_Type 4,0,0,2017-09-21,Online,155.00,Not_Canceled
INN00109,2,0,0,1,Not Selected,Room_Type 1,12,0.03,2018-06-30,Online,101.68,Not_Canceled
INN00110,2,0,2,1,Meal Plan 1,Room_Type 1,32,0.09,2017-05-09,Online,94.50,Not_Canceled
INN00111,2,0,0,2,Meal Plan 1,Room_Type 1,182,0.5,2018-09-30,Online,117.90,Canceled
INN00112,2,0,1,0,Not Selected,Room_Type 1,1,0,2018-06-27,Online,127.00,Not_Canceled
INN00113,2,0,0,3,Not Selected,Room_Type 1,122,0.33,2018-06-16,Online,116.10,Not_Canceled
INN00114,2,0,2,3,Meal Plan 1,Room_Type 1,40,0.11,2018-06-30,Online,117.90,Not_Canceled
INN00115,2,2,2,2,Meal Plan 1,Room_Type 2,116,0.32,2018-06-26,Online,184.24,Canceled
INN00116,3,0,2,2,Meal Plan 1,Room_Type 4,123,0.34,2018-08-13,Online,155.70,Not_Canceled
INN00117,3,0,2,5,Meal Plan 1,Room_Type 4,40,0.11,2018-04-22,Online,135.76,Canceled
INN00118,2,1,2,5,Meal Plan 1,Room_Type 1,105,0.29,2018-12-11,Online,102.83,Not_Canceled
INN00119,2,0,0,1,Meal Plan 1,Room_Type 1,443,1.21,2018-04-29,Online,65.00,Canceled
INN00120,2,0,2,3,Meal Plan 1,Room_Type 1,2,0.01,2017-11-14,Online,103.00,Not_Canceled
INN00121,2,0,0,3,Meal Plan 1,Room_Type 1,317,0.87,2018-01-09,Online,106.20,Canceled
INN00122,2,0,0,2,Meal Plan 2,Room_Type 1,286,0.78,2018-09-16,Offline,58.50,Not_Canceled
INN00123,2,0,1,3,Meal Plan 1,Room_Type 1,68,0.19,2018-10-03,Online,73.95,Canceled
INN00124,2,0,0,3,Meal Plan 1,Room_Type 1,148,0.41,2018-05-05,Online,105.30,Not_Canceled
INN00125,3,0,2,0,Meal Plan 1,Room_Type 4,68,0.19,2018-04-24,Online,133.20,Not_Canceled
INN00126,2,0,0,2,Meal Plan 1,Room_Type 1,30,0.08,2018-03-30,Offline,85.50,Not_Canceled
INN00127,1,0,0,1,Meal Plan 1,Room_Type 1,14,0.04,2018-03-11,Online,112.00,Canceled
INN00128,2,2,0,2,Meal Plan 1,Room_Type 6,110,0.3,2018-10-14,Online,190.80,Canceled
INN00129,1,0,2,3,Meal Plan 1,Room_Type 1,117,0.32,2018-05-06,Offline,110.00,Not_Canceled
INN00130,2,0,1,4,Meal Plan 1,Room_Type 4,85,0.23,2018-07-13,Online,91.48,Not_Canceled
INN00131,2,0,0,2,Not Selected,Room_Type 1,1,0,2018-10-20,Online,135.00,Not_Canceled
INN00132,1,0,1,2,Meal Plan 1,Room_Type 1,25,0.07,2018-10-17,Online,129.00,Not_Canceled
INN00133,2,0,2,4,Not Selected,Room_Type 1,289,0.79,2018-12-28,Online,70.55,Canceled
INN00134,2,0,1,4,Meal Plan 1,Room_Type 4,28,0.08,2017-10-19,Offline,75.00,Not_Canceled
INN00135,1,0,0,4,Not Selected,Room_Type 1,80,0.22,2018-03-29,Online,72.25,Not_Canceled
INN00136,2,0,0,1,Meal Plan 1,Room_Type 4,11,0.03,2017-09-10,Online,155.00,Not_Canceled
INN00137,2,1,1,0,Meal Plan 1,Room_Type 1,162,0.44,2018-07-25,Online,121.50,Canceled
INN00138,2,0,2,5,Meal Plan 1,Room_Type 1,155,0.42,2018-06-28,Online,90.95,Not_Canceled
INN00139,1,0,2,2,Meal Plan 1,Room_Type 1,82,0.22,2018-05-22,Online,109.65,Not_Canceled
INN00140,3,0,2,4,Meal Plan 1,Room_Type 4,27,0.07,2018-04-15,Online,142.72,Canceled
INN00141,1,0,1,2,Meal Plan 1,Room_Type 1,13,0.04,2018-09-05,Offline,90.00,Not_Canceled
INN00142,2,0,0,2,Meal Plan 1,Room_Type 1,245,0.67,2018-06-17,Online,75.00,Canceled
INN00143,2,0,0,2,Meal Plan 1,Room_Type 1,11,0.03,2018-11-18,Online,111.00,Canceled
INN00144,2,0,2,2,Meal Plan 1,Room_Type 1,266,0.73,2018-10-30,Online,86.70,Not_Canceled
INN00145,2,0,1,0,Meal Plan 1,Room_Type 1,39,0.11,2018-03-28,Online,117.90,Not_Canceled
INN00146,1,0,0,2,Meal Plan 1,Room_Type 1,13,0.04,2018-01-06,Complementary,0.00,Not_Canceled
INN00147,2,0,0,4,Not Selected,Room_Type 1,112,0.31,2018-04-05,Online,101.58,Not_Canceled
INN00148,2,0,1,2,Not Selected,Room_Type 1,88,0.24,2018-08-04,Online,58.90,Not_Canceled
INN00149,2,0,0,1,Meal Plan 1,Room_Type 1,56,0.15,2018-08-06,Offline,120.00,Not_Canceled
INN00150,2,0,2,3,Meal Plan 1,Room_Type 4,73,0.2,2018-07-04,Online,107.10,Canceled
INN00151,2,0,1,1,Meal Plan 1,Room_Type 1,80,0.22,2018-02-05,Online,126.90,Not_Canceled
INN00152,2,0,0,3,Meal Plan 1,Room_Type 4,130,0.36,2018-09-29,Online,139.50,Canceled
INN00153,2,0,1,3,Not Selected,Room_Type 1,69,0.19,2018-04-04,Online,80.75,Not_Canceled
INN00154,2,0,0,2,Meal Plan 2,Room_Type 1,273,0.75,2017-07-17,Online,109.00,Canceled
INN00155,2,0,0,1,Meal Plan 2,Room_Type 1,55,0.15,2018-06-04,Offline,104.00,Not_Canceled
INN00156,1,0,0,3,Meal Plan 1,Room_Type 1,4,0.01,2018-01-11,Corporate,65.00,Not_Canceled
INN00157,2,0,0,3,Meal Plan 1,Room_Type 4,97,0.27,2018-05-24,Online,140.40,Not_Canceled
INN00158,2,0,0,3,Meal Plan 1,Room_Type 1,44,0.12,2018-02-17,Offline,75.00,Not_Canceled
INN00159,2,0,0,1,Not Selected,Room_Type 1,31,0.08,2018-04-14,Online,94.50,Canceled
INN00160,2,0,1,0,Not Selected,Room_Type 1,0,0,2018-05-06,Online,109.00,Not_Canceled
INN00161,2,0,2,2,Meal Plan 1,Room_Type 1,62,0.17,2018-12-11,Online,105.00,Not_Canceled
INN00162,2,0,2,2,Meal Plan 1,Room_Type 4,86,0.24,2018-04-17,Online,107.95,Not_Canceled
INN00163,3,0,2,2,Meal Plan 1,Room_Type 7,3,0.01,2018-07-10,Online,215.60,Not_Canceled
INN00164,2,0,1,1,Not Selected,Room_Type 1,197,0.54,2018-01-08,Online,85.50,Not_Canceled
INN00165,2,0,0,2,Meal Plan 1,Room_Type 1,143,0.39,2018-12-07,Online,105.30,Not_Canceled
INN00166,1,0,2,1,Meal Plan 2,Room_Type 1,23,0.06,2018-02-01,Online,1.00,Not_Canceled
INN00167,2,0,0,2,Meal Plan 1,Room_Type 4,8,0.02,2018-06-15,Online,156.00,Canceled
INN00168,1,0,0,2,Meal Plan 1,Room_Type 1,13,0.04,2018-11-16,Online,73.15,Not_Canceled
INN00169,2,0,1,2,Meal Plan 1,Room_Type 1,280,0.77,2018-09-19,Online,110.00,Canceled
INN00170,2,1,1,0,Not Selected,Room_Type 1,11,0.03,2017-09-13,Online,87.40,Not_Canceled
INN00171,2,0,0,2,Meal Plan 1,Room_Type 1,317,0.87,2018-09-15,Online,120.00,Canceled
INN00172,2,0,1,2,Not Selected,Room_Type 1,185,0.51,2018-12-16,Online,79.20,Canceled
INN00173,2,0,1,3,Meal Plan 1,Room_Type 1,160,0.44,2018-06-30,Online,90.95,Not_Canceled
INN00174,2,0,0,4,Meal Plan 1,Room_Type 1,104,0.28,2018-10-18,Online,91.48,Not_Canceled
INN00175,2,1,0,1,Meal Plan 1,Room_Type 1,11,0.03,2018-05-11,Online,150.00,Canceled
INN00176,2,0,0,1,Not Selected,Room_Type 1,2,0.01,2018-03-22,Online,89.00,Not_Canceled
INN00177,2,0,1,4,Not Selected,Room_Type 1,14,0.04,2018-08-17,Online,91.43,Not_Canceled
INN00178,2,0,0,2,Meal Plan 1,Room_Type 1,22,0.06,2018-05-20,Offline,140.00,Not_Canceled
INN00179,1,1,2,5,Not Selected,Room_Type 1,37,0.1,2017-10-24,Online,87.78,Not_Canceled
INN00180,2,0,0,2,Meal Plan 2,Room_Type 1,292,0.8,2018-07-21,Online,115.00,Canceled
INN00181,2,0,0,3,Meal Plan 1,Room_Type 1,11,0.03,2017-09-09,Online,80.85,Not_Canceled
INN00182,2,0,1,3,Meal Plan 1,Room_Type 1,86,0.24,2018-03-31,Online,82.45,Not_Canceled
INN00183,2,0,0,1,Not Selected,Room_Type 1,109,0.3,2018-11-10,Online,108.00,Canceled
INN00184,2,0,1,1,Meal Plan 1,Room_Type 4,72,0.2,2018-02-04,Online,96.30,Not_Canceled
INN00185,2,0,1,5,Meal Plan 1,Room_Type 1,196,0.54,2018-08-22,Online,99.45,Canceled
INN00186,2,0,0,2,Meal Plan 1,Room_Type 4,56,0.15,2018-05-13,Online,140.40,Not_Canceled
INN00187,2,0,1,3,Meal Plan 1,Room_Type 1,189,0.52,2018-08-08,Offline,72.25,Not_Canceled
INN00188,2,0,1,4,Meal Plan 1,Room_Type 4,126,0.35,2018-08-15,Online,126.00,Not_Canceled
INN00189,2,0,2,3,Meal Plan 1,Room_Type 1,303,0.83,2018-08-19,Online,78.00,Canceled
INN00190,1,0,2,2,Meal Plan 1,Room_Type 4,81,0.22,2018-06-11,Online,146.60,Not_Canceled
INN00191,2,0,1,2,Meal Plan 1,Room_Type 1,54,0.15,2018-10-10,Online,118.80,Canceled
INN00192,1,0,0,1,Meal Plan 1,Room_Type 1,15,0.04,2018-06-10,Online,145.00,Canceled
INN00193,2,0,0,4,Meal Plan 1,Room_Type 1,86,0.24,2018-06-04,Online,84.58,Canceled
INN00194,2,0,1,2,Meal Plan 2,Room_Type 1,161,0.44,2018-03-25,Online,130.00,Canceled
INN00195,2,0,4,10,Meal Plan 1,Room_Type 4,147,0.4,2018-03-08,Online,118.88,Canceled
INN00196,2,0,1,2,Meal Plan 1,Room_Type 1,92,0.25,2018-05-30,Offline,101.52,Not_Canceled
INN00197,2,0,0,1,Meal Plan 1,Room_Type 1,87,0.24,2017-11-09,Corporate,100.00,Canceled
INN00198,2,0,2,1,Meal Plan 1,Room_Type 1,109,0.3,2018-03-20,Offline,58.00,Not_Canceled
INN00199,2,0,0,4,Meal Plan 1,Room_Type 1,127,0.35,2018-03-23,Offline,61.50,Not_Canceled
INN00200,2,0,1,2,Meal Plan 2,Room_Type 1,418,1.15,2018-09-26,Online,107.00,Canceled
INN00201,2,0,1,4,Not Selected,Room_Type 1,156,0.43,2018-08-24,Online,87.30,Not_Canceled
INN00202,2,0,0,2,Meal Plan 1,Room_Type 1,80,0.22,2017-07-16,Online,76.50,Canceled
INN00203,2,0,2,2,Not Selected,Room_Type 1,211,0.58,2018-12-16,Online,63.75,Canceled
INN00204,2,0,1,2,Meal Plan 1,Room_Type 1,273,0.75,2018-05-13,Online,95.00,Canceled
INN00205,2,0,2,1,Meal Plan 1,Room_Type 1,58,0.16,2018-11-19,Offline,75.00,Not_Canceled
INN00206,2,0,0,3,Meal Plan 1,Room_Type 1,433,1.19,2018-08-09,Online,70.00,Canceled
INN00207,2,0,1,3,Meal Plan 1,Room_Type 1,111,0.3,2018-02-05,Online,101.58,Not_Canceled
INN00208,2,0,2,3,Meal Plan 1,Room_Type 1,34,0.09,2018-08-21,Offline,85.00,Not_Canceled
INN00209,2,0,2,4,Meal Plan 1,Room_Type 1,17,0.05,2018-03-12,Online,98.39,Not_Canceled
INN00210,1,0,0,0,Meal Plan 1,Room_Type 1,4,0.01,2018-02-27,Complementary,0.00,Not_Canceled
INN00211,2,0,0,3,Meal Plan 1,Room_Type 1,6,0.02,2017-09-22,Online,106.07,Not_Canceled
INN00212,2,0,1,1,Meal Plan 1,Room_Type 1,32,0.09,2018-07-18,Offline,105.00,Not_Canceled
INN00213,2,0,0,1,Meal Plan 1,Room_Type 1,4,0.01,2017-09-22,Online,145.00,Not_Canceled
INN00214,3,0,2,1,Meal Plan 1,Room_Type 1,195,0.53,2018-08-13,Online,106.03,Canceled
INN00215,2,0,2,2,Meal Plan 1,Room_Type 1,119,0.33,2018-08-13,Online,114.30,Not_Canceled
INN00216,1,0,1,1,Not Selected,Room_Type 1,13,0.04,2018-05-12,Online,88.00,Not_Canceled
INN00217,2,0,0,2,Meal Plan 1,Room_Type 1,59,0.16,2017-10-15,Online,89.25,Not_Canceled
INN00218,2,1,2,5,Meal Plan 1,Room_Type 4,78,0.21,2018-03-20,Online,86.32,Not_Canceled
INN00219,2,0,0,3,Meal Plan 1,Room_Type 1,335,0.92,2018-10-13,Offline,90.00,Not_Canceled
INN00220,2,0,2,5,Meal Plan 1,Room_Type 1,103,0.28,2017-08-22,Online,55.96,Not_Canceled
INN00221,1,0,0,2,Not Selected,Room_Type 1,0,0,2018-08-06,Online,109.00,Not_Canceled
INN00222,2,0,0,1,Meal Plan 1,Room_Type 1,118,0.32,2018-01-03,Offline,86.00,Not_Canceled
INN00223,2,0,1,5,Meal Plan 1,Room_Type 1,56,0.15,2018-05-09,Online,118.95,Not_Canceled
INN00224,2,0,0,2,Meal Plan 1,Room_Type 1,107,0.29,2018-10-06,Offline,130.00,Not_Canceled
INN00225,2,0,1,3,Not Selected,Room_Type 1,70,0.19,2018-04-14,Online,90.56,Not_Canceled
INN00226,2,0,0,2,Meal Plan 1,Room_Type 1,76,0.21,2018-01-04,Online,87.30,Not_Canceled
INN00227,2,2,2,2,Meal Plan 1,Room_Type 6,144,0.39,2018-05-27,Online,177.65,Canceled
INN00228,1,2,2,2,Meal Plan 1,Room_Type 6,4,0.01,2017-09-19,Online,200.75,Not_Canceled
INN00229,2,1,0,2,Meal Plan 1,Room_Type 1,15,0.04,2018-03-18,Online,127.00,Not_Canceled
INN00230,1,0,1,2,Meal Plan 1,Room_Type 1,32,0.09,2018-05-02,Online,72.90,Canceled
INN00231,3,0,1,1,Meal Plan 1,Room_Type 4,49,0.13,2018-07-05,Online,159.30,Canceled
INN00232,2,1,1,3,Meal Plan 1,Room_Type 1,77,0.21,2018-12-05,Online,135.15,Not_Canceled
INN00233,1,0,0,2,Meal Plan 1,Room_Type 1,22,0.06,2018-10-28,Offline,90.00,Not_Canceled
INN00234,2,0,1,0,Not Selected,Room_Type 1,0,0,2017-10-18,Online,114.00,Not_Canceled
INN00235,2,1,0,1,Meal Plan 1,Room_Type 1,58,0.16,2018-06-21,Online,125.10,Not_Canceled
INN00236,2,0,2,6,Not Selected,Room_Type 1,4,0.01,2017-08-14,Online,95.13,Not_Canceled
INN00237,2,0,0,2,Meal Plan 1,Room_Type 5,117,0.32,2018-04-29,Online,105.84,Canceled
INN00238,2,0,1,3,Meal Plan 1,Room_Type 1,36,0.1,2018-12-26,Online,102.00,Canceled
INN00239,2,0,2,2,Not Selected,Room_Type 1,35,0.1,2018-02-12,Online,74.80,Not_Canceled
INN00240,2,0,1,0,Not Selected,Room_Type 1,31,0.08,2018-04-24,Online,94.50,Canceled
INN00241,2,0,2,4,Not Selected,Room_Type 1,79,0.22,2018-06-16,Online,120.60,Not_Canceled
INN00242,2,0,1,2,Meal Plan 1,Room_Type 1,1,0,2017-09-10,Online,139.33,Not_Canceled
INN00243,2,0,0,2,Meal Plan 1,Room_Type 1,21,0.06,2017-03-09,Online,105.00,Not_Canceled
INN00244,2,0,0,2,Not Selected,Room_Type 1,12,0.03,2018-09-14,Corporate,100.00,Not_Canceled
INN00245,2,0,1,0,Meal Plan 1,Room_Type 1,33,0.09,2018-08-02,Online,80.30,Not_Canceled
INN00246,1,0,0,2,Meal Plan 1,Room_Type 1,164,0.45,2017-02-10,Offline,100.00,Not_Canceled
INN00247,2,0,0,3,Meal Plan 1,Room_Type 1,78,0.21,2018-03-24,Online,105.30,Not_Canceled
INN00248,2,0,0,4,Meal Plan 1,Room_Type 4,18,0.05,2018-05-31,Online,112.80,Canceled
INN00249,2,0,1,2,Meal Plan 1,Room_Type 1,21,0.06,2018-08-15,Online,151.00,Canceled
INN00250,1,0,1,3,Meal Plan 1,Room_Type 1,0,0,2017-09-11,Online,91.00,Not_Canceled
INN00251,3,0,2,1,Meal Plan 1,Room_Type 4,152,0.42,2018-08-13,Online,146.70,Canceled
INN00252,2,0,2,3,Meal Plan 1,Room_Type 1,43,0.12,2017-02-10,Offline,58.40,Not_Canceled
INN00253,2,0,0,4,Not Selected,Room_Type 1,177,0.48,2018-07-26,Online,80.75,Canceled
INN00254,2,0,1,1,Not Selected,Room_Type 1,47,0.13,2018-05-21,Offline,76.50,Not_Canceled
INN00255,3,0,0,3,Meal Plan 1,Room_Type 4,57,0.16,2018-07-09,Online,140.13,Not_Canceled
INN00256,2,0,2,4,Not Selected,Room_Type 1,60,0.16,2017-11-15,Online,76.00,Not_Canceled
INN00257,2,0,0,1,Meal Plan 1,Room_Type 1,0,0,2017-09-16,Online,200.00,Not_Canceled
INN00258,2,0,0,2,Meal Plan 2,Room_Type 1,102,0.28,2017-10-16,Online,101.50,Canceled
INN00259,2,0,0,3,Not Selected,Room_Type 1,71,0.19,2018-10-18,Online,108.00,Not_Canceled
INN00260,3,0,2,3,Meal Plan 2,Room_Type 4,111,0.3,2018-07-23,Online,189.00,Not_Canceled
INN00261,3,0,1,1,Meal Plan 1,Room_Type 4,1,0,2018-11-06,Online,166.00,Not_Canceled
INN00262,2,0,1,1,Not Selected,Room_Type 1,4,0.01,2018-01-16,Online,67.50,Not_Canceled
INN00263,2,0,1,3,Meal Plan 1,Room_Type 4,25,0.07,2017-09-14,Online,78.54,Not_Canceled
INN00264,1,0,2,2,Meal Plan 1,Room_Type 1,209,0.57,2018-06-11,Online,152.10,Canceled
INN00265,1,0,2,1,Meal Plan 1,Room_Type 1,93,0.25,2018-10-15,Online,115.00,Canceled
INN00266,2,0,2,5,Not Selected,Room_Type 1,53,0.15,2017-02-09,Online,66.53,Not_Canceled
INN00267,1,0,0,2,Meal Plan 1,Room_Type 1,1,0,2017-12-08,Complementary,0.00,Not_Canceled
INN00268,1,0,2,1,Meal Plan 1,Room_Type 1,4,0.01,2017-08-23,Complementary,0.00,Not_Canceled
INN00269,2,0,0,3,Meal Plan 1,Room_Type 1,302,0.83,2018-12-29,Online,90.30,Canceled
INN00270,2,0,0,2,Meal Plan 1,Room_Type 1,122,0.33,2018-04-15,Offline,85.00,Not_Canceled
INN00271,1,0,0,1,Meal Plan 1,Room_Type 1,16,0.04,2018-11-03,Corporate,75.00,Not_Canceled
INN00272,2,0,2,4,Meal Plan 1,Room_Type 1,28,0.08,2018-08-28,Online,115.37,Canceled
INN00273,2,0,1,2,Meal Plan 2,Room_Type 1,161,0.44,2018-03-25,Online,130.00,Canceled
INN00274,3,0,0,2,Meal Plan 1,Room_Type 4,57,0.16,2018-09-12,Online,126.00,Not_Canceled
INN00275,2,0,1,0,Meal Plan 1,Room_Type 1,19,0.05,2018-12-06,Online,94.35,Not_Canceled
INN00276,3,0,2,4,Meal Plan 1,Room_Type 4,109,0.3,2018-06-07,Online,118.46,Not_Canceled
INN00277,1,0,0,2,Meal Plan 2,Room_Type 1,239,0.65,2018-06-15,Online,90.60,Canceled
INN00278,1,0,2,1,Meal Plan 1,Room_Type 1,33,0.09,2018-05-03,Online,82.90,Not_Canceled
INN00279,2,0,0,3,Meal Plan 1,Room_Type 1,11,0.03,2017-08-18,Online,95.33,Not_Canceled
INN00280,3,0,2,5,Meal Plan 1,Room_Type 4,40,0.11,2018-04-21,Online,135.64,Not_Canceled
INN00281,3,0,1,1,Meal Plan 1,Room_Type 4,45,0.12,2018-06-18,Offline,122.40,Not_Canceled
INN00282,2,0,1,3,Not Selected,Room_Type 1,41,0.11,2018-09-05,Online,116.10,Canceled
INN00283,2,0,0,4,Not Selected,Room_Type 1,167,0.46,2018-06-28,Online,62.18,Canceled
INN00284,2,0,0,4,Not Selected,Room_Type 1,62,0.17,2018-09-03,Online,63.75,Canceled
INN00285,1,0,1,4,Meal Plan 1,Room_Type 1,113,0.31,2018-07-09,Online,118.80,Canceled
INN00286,2,0,0,2,Not Selected,Room_Type 1,1,0,2018-10-08,Online,167.00,Not_Canceled
INN00287,2,2,2,2,Meal Plan 1,Room_Type 6,84,0.23,2018-05-13,Online,187.85,Not_Canceled
INN00288,0,2,2,2,Meal Plan 1,Room_Type 1,68,0.19,2018-04-24,Online,108.38,Canceled
INN00289,2,0,0,1,Meal Plan 1,Room_Type 2,9,0.02,2018-07-09,Complementary,0.00,Not_Canceled
INN00290,3,0,1,2,Meal Plan 1,Room_Type 1,245,0.67,2018-10-28,Online,128.70,Canceled
INN00291,2,0,1,3,Meal Plan 1,Room_Type 1,80,0.22,2018-03-17,Online,80.33,Not_Canceled
INN00292,2,0,1,1,Meal Plan 1,Room_Type 1,7,0.02,2018-08-22,Online,140.00,Canceled
INN00293,2,1,1,1,Meal Plan 1,Room_Type 1,128,0.35,2017-08-08,Online,76.50,Not_Canceled
INN00294,2,0,2,1,Meal Plan 1,Room_Type 1,100,0.27,2018-01-05,Online,105.30,Not_Canceled
INN00295,2,0,2,1,Meal Plan 1,Room_Type 1,118,0.32,2018-03-04,Online,87.30,Canceled
INN00296,1,0,0,3,Meal Plan 1,Room_Type 1,166,0.45,2018-01-11,Online,110.00,Canceled
INN00297,1,0,0,1,Meal Plan 2,Room_Type 1,41,0.11,2017-04-09,Offline,83.00,Not_Canceled
INN00298,2,0,2,2,Meal Plan 1,Room_Type 1,174,0.48,2018-08-13,Online,99.45,Not_Canceled
INN00299,2,1,2,1,Meal Plan 2,Room_Type 1,27,0.07,2017-12-27,Offline,104.50,Not_Canceled
INN00300,2,0,2,6,Meal Plan 1,Room_Type 1,2,0.01,2018-11-16,Online,92.54,Not_Canceled
INN00301,1,0,0,3,Meal Plan 1,Room_Type 1,37,0.1,2018-10-13,Offline,95.00,Not_Canceled
INN00302,1,0,0,2,Meal Plan 1,Room_Type 1,188,0.52,2018-06-15,Online,130.00,Canceled
INN00303,2,0,2,1,Meal Plan 1,Room_Type 1,68,0.19,2018-02-01,Offline,63.00,Not_Canceled
INN00304,2,0,1,2,Meal Plan 1,Room_Type 4,189,0.52,2018-10-28,Online,109.80,Canceled
INN00305,2,0,1,0,Meal Plan 1,Room_Type 1,10,0.03,2018-05-16,Online,103.00,Not_Canceled
INN00306,3,0,2,1,Meal Plan 1,Room_Type 4,19,0.05,2018-02-20,Online,130.00,Not_Canceled
INN00307,2,0,0,2,Meal Plan 1,Room_Type 1,61,0.17,2018-03-23,Online,117.00,Canceled
INN00308,2,0,0,4,Meal Plan 1,Room_Type 4,95,0.26,2017-12-29,Offline,60.50,Not_Canceled
INN00309,2,0,0,1,Meal Plan 2,Room_Type 1,83,0.23,2017-09-30,Offline,112.20,Not_Canceled
INN00310,2,0,1,3,Meal Plan 1,Room_Type 1,37,0.1,2018-01-08,Online,135.90,Canceled
INN00311,2,0,1,0,Meal Plan 1,Room_Type 1,19,0.05,2018-07-25,Online,151.00,Canceled
INN00312,2,2,0,2,Meal Plan 1,Room_Type 6,22,0.06,2018-09-16,Online,239.00,Not_Canceled
INN00313,2,0,2,1,Meal Plan 1,Room_Type 1,22,0.06,2017-12-26,Online,59.09,Not_Canceled
INN00314,2,0,2,5,Meal Plan 1,Room_Type 1,151,0.41,2018-09-07,Online,103.09,Canceled
INN00315,2,0,2,1,Meal Plan 1,Room_Type 1,26,0.07,2018-02-28,Offline,87.00,Not_Canceled
INN00316,3,0,1,0,Meal Plan 1,Room_Type 4,27,0.07,2018-04-17,Online,137.00,Canceled
INN00317,2,0,0,2,Meal Plan 2,Room_Type 1,79,0.22,2018-06-24,Offline,109.00,Not_Canceled
INN00318,2,0,1,1,Meal Plan 2,Room_Type 1,247,0.68,2018-06-06,Online,115.00,Canceled
INN00319,2,0,2,3,Meal Plan 1,Room_Type 4,189,0.52,2018-07-17,Online,99.45,Not_Canceled
INN00320,2,0,0,2,Meal Plan 2,Room_Type 1,320,0.88,2018-08-18,Online,115.00,Canceled
INN00321,3,0,1,2,Meal Plan 1,Room_Type 4,27,0.07,2018-02-22,Online,130.00,Not_Canceled
INN00322,1,0,1,0,Meal Plan 1,Room_Type 1,51,0.14,2018-05-22,Corporate,65.00,Not_Canceled
INN00323,2,0,0,2,Meal Plan 1,Room_Type 1,245,0.67,2018-06-17,Online,75.00,Canceled
INN00324,2,1,1,2,Meal Plan 1,Room_Type 1,52,0.14,2018-08-07,Online,132.90,Canceled
INN00325,1,0,2,0,Meal Plan 1,Room_Type 1,13,0.04,2017-10-18,Online,120.00,Not_Canceled
INN00326,2,0,0,2,Not Selected,Room_Type 1,46,0.13,2018-11-11,Online,79.20,Canceled
INN00327,3,0,2,1,Meal Plan 1,Room_Type 4,84,0.23,2018-08-28,Online,159.30,Canceled
INN00328,1,0,0,2,Meal Plan 1,Room_Type 1,188,0.52,2018-06-15,Online,130.00,Canceled
INN00329,2,0,0,3,Meal Plan 1,Room_Type 1,19,0.05,2017-06-10,Offline,90.00,Not_Canceled
INN00330,2,0,0,2,Meal Plan 1,Room_Type 4,67,0.18,2018-05-27,Online,140.40,Not_Canceled
INN00331,2,0,0,1,Meal Plan 1,Room_Type 1,0,0,2017-11-08,Online,75.00,Not_Canceled
INN00332,2,0,0,2,Meal Plan 2,Room_Type 1,273,0.75,2017-07-17,Online,109.00,Canceled
INN00333,2,0,2,1,Meal Plan 2,Room_Type 1,110,0.3,2017-07-25,Online,94.50,Canceled
INN00334,1,0,0,1,Meal Plan 1,Room_Type 1,0,0,2017-12-15,Corporate,75.00,Not_Canceled
INN00335,2,0,1,2,Meal Plan 1,Room_Type 4,32,0.09,2017-10-23,Offline,75.00,Not_Canceled
INN00336,2,0,2,1,Meal Plan 1,Room_Type 1,282,0.77,2017-10-10,Offline,76.67,Not_Canceled
INN00337,2,0,2,2,Meal Plan 1,Room_Type 1,38,0.1,2018-02-10,Online,126.00,Not_Canceled
INN00338,2,0,1,1,Not Selected,Room_Type 1,175,0.48,2018-07-23,Online,85.50,Not_Canceled
INN00339,2,0,0,3,Meal Plan 1,Room_Type 4,143,0.39,2018-08-18,Online,140.70,Canceled
INN00340,2,0,2,2,Meal Plan 1,Room_Type 4,127,0.35,2018-06-26,Online,103.70,Not_Canceled
INN00341,1,0,0,1,Meal Plan 1,Room_Type 1,0,0,2017-08-09,Online,142.00,Not_Canceled
INN00342,2,1,2,5,Meal Plan 1,Room_Type 1,95,0.26,2018-12-21,Online,103.70,Not_Canceled
INN00343,1,0,1,2,Meal Plan 1,Room_Type 1,118,0.32,2018-06-06,Offline,110.00,Not_Canceled
INN00344,2,0,0,3,Meal Plan 1,Room_Type 1,45,0.12,2018-10-11,Offline,75.00,Not_Canceled
INN00345,3,0,1,1,Meal Plan 1,Room_Type 4,69,0.19,2018-07-25,Online,137.70,Not_Canceled
INN00346,2,0,0,1,Not Selected,Room_Type 1,57,0.16,2018-07-09,Online,87.30,Not_Canceled
INN00347,1,0,0,2,Meal Plan 1,Room_Type 1,5,0.01,2018-08-24,Complementary,0.00,Not_Canceled
INN00348,2,0,0,2,Meal Plan 2,Room_Type 1,39,0.11,2017-08-14,Offline,101.50,Not_Canceled
INN00349,2,0,0,1,Meal Plan 1,Room_Type 1,0,0,2018-02-24,Online,97.00,Not_Canceled
INN00350,3,0,1,1,Meal Plan 1,Room_Type 4,89,0.24,2018-08-15,Online,150.30,Not_Canceled
INN00351,2,0,0,4,Meal Plan 1,Room_Type 1,85,0.23,2018-03-29,Online,82.45,Not_Canceled
INN00352,1,0,0,1,Meal Plan 1,Room_Type 4,4,0.01,2018-01-07,Corporate,103.00,Not_Canceled
INN00353,1,0,2,6,Meal Plan 1,Room_Type 1,11,0.03,2018-05-07,Online,145.00,Canceled
INN00354,1,0,1,1,Meal Plan 1,Room_Type 1,12,0.03,2018-11-07,Online,145.00,Not_Canceled
INN00355,2,0,2,2,Meal Plan 1,Room_Type 4,77,0.21,2018-05-14,Online,134.85,Not_Canceled
INN00356,2,1,1,1,Meal Plan 1,Room_Type 6,14,0.04,2018-10-22,Online,168.25,Not_Canceled
INN00357,1,0,2,1,Meal Plan 1,Room_Type 1,1,0,2018-02-28,Online,60.00,Canceled
INN00358,2,0,1,3,Meal Plan 1,Room_Type 1,133,0.36,2018-06-13,Offline,76.00,Not_Canceled
INN00359,2,0,1,2,Meal Plan 1,Room_Type 1,3,0.01,2017-10-08,Offline,63.50,Not_Canceled
INN00360,2,0,2,0,Meal Plan 1,Room_Type 1,19,0.05,2018-09-18,Offline,95.00,Not_Canceled
INN00361,2,0,2,2,Meal Plan 1,Room_Type 4,86,0.24,2018-03-09,Offline,90.95,Not_Canceled
INN00362,2,0,0,2,Meal Plan 1,Room_Type 1,23,0.06,2017-10-16,Online,98.40,Not_Canceled
INN00363,2,0,0,1,Meal Plan 1,Room_Type 1,65,0.18,2018-09-22,Online,135.90,Not_Canceled
INN00364,2,0,0,2,Meal Plan 1,Room_Type 4,1,0,2018-11-16,Online,130.00,Not_Canceled
INN00365,2,0,0,1,Meal Plan 1,Room_Type 4,66,0.18,2017-11-19,Online,81.90,Not_Canceled
INN00366,3,0,1,4,Meal Plan 1,Room_Type 1,50,0.14,2018-02-22,Online,78.85,Not_Canceled
INN00367,2,0,2,3,Meal Plan 2,Room_Type 1,87,0.24,2018-06-26,Online,141.30,Canceled
INN00368,2,0,1,1,Meal Plan 1,Room_Type 1,159,0.44,2018-09-04,Offline,70.00,Not_Canceled
INN00369,2,0,2,3,Meal Plan 2,Room_Type 1,39,0.11,2018-08-13,Online,170.10,Not_Canceled
INN00370,2,0,2,0,Meal Plan 2,Room_Type 1,386,1.06,2018-10-23,Online,115.00,Canceled
INN00371,2,2,0,5,Meal Plan 1,Room_Type 6,22,0.06,2017-12-29,Online,199.00,Not_Canceled
INN00372,2,0,2,2,Meal Plan 1,Room_Type 4,102,0.28,2018-10-07,Offline,82.45,Not_Canceled
INN00373,4,0,0,3,Meal Plan 1,Room_Type 7,86,0.24,2018-10-20,Online,192.86,Not_Canceled
INN00374,2,0,2,2,Meal Plan 1,Room_Type 1,56,0.15,2017-09-25,Offline,185.00,Not_Canceled
INN00375,2,0,2,6,Meal Plan 1,Room_Type 1,36,0.1,2018-10-12,Online,68.07,Not_Canceled
INN00376,2,0,0,3,Meal Plan 1,Room_Type 1,50,0.14,2018-04-10,Online,118.80,Not_Canceled
INN00377,2,0,0,2,Meal Plan 1,Room_Type 4,115,0.32,2018-10-27,Online,104.40,Canceled
INN00378,1,0,0,1,Meal Plan 1,Room_Type 1,0,0,2018-03-23,Corporate,65.00,Not_Canceled
INN00379,2,0,1,3,Not Selected,Room_Type 1,35,0.1,2018-03-03,Online,71.10,Canceled
INN00380,2,0,2,1,Meal Plan 1,Room_Type 1,17,0.05,2018-05-21,Offline,95.00,Not_Canceled
INN00381,2,0,4,11,Meal Plan 1,Room_Type 4,237,0.65,2018-09-13,Online,116.62,Canceled
INN00382,2,0,0,4,Meal Plan 1,Room_Type 1,125,0.34,2018-07-09,Online,136.00,Not_Canceled
INN00383,2,2,2,2,Meal Plan 1,Room_Type 6,32,0.09,2018-02-12,Online,147.90,Canceled
INN00384,2,0,2,0,Not Selected,Room_Type 1,5,0.01,2018-09-18,Offline,123.70,Not_Canceled
INN00385,2,0,2,1,Meal Plan 1,Room_Type 1,91,0.25,2018-06-19,Online,135.90,Canceled
INN00386,2,0,0,2,Meal Plan 2,Room_Type 1,102,0.28,2017-10-16,Offline,109.00,Not_Canceled
INN00387,3,0,2,1,Meal Plan 1,Room_Type 4,9,0.02,2018-03-20,Online,186.00,Not_Canceled
INN00388,3,0,1,3,Meal Plan 1,Room_Type 4,155,0.42,2018-12-26,Online,115.60,Canceled
INN00389,2,2,0,1,Meal Plan 1,Room_Type 6,0,0,2018-05-14,Online,221.00,Canceled
INN00390,1,0,0,3,Meal Plan 1,Room_Type 1,11,0.03,2017-09-15,Corporate,65.00,Not_Canceled
INN00391,1,0,0,1,Meal Plan 1,Room_Type 1,0,0,2018-02-19,Corporate,80.00,Not_Canceled
INN00392,2,1,1,4,Meal Plan 1,Room_Type 1,86,0.24,2018-03-23,Offline,73.83,Not_Canceled
INN00393,1,0,0,1,Meal Plan 1,Room_Type 1,18,0.05,2018-10-18,Corporate,67.00,Not_Canceled
INN00394,2,0,0,2,Meal Plan 1,Room_Type 1,58,0.16,2018-04-03,Online,80.30,Not_Canceled
INN00395,2,0,2,1,Not Selected,Room_Type 1,54,0.15,2018-04-30,Offline,85.00,Not_Canceled
INN00396,2,1,2,3,Meal Plan 1,Room_Type 1,25,0.07,2018-07-23,Online,152.10,Canceled
INN00397,2,0,0,2,Meal Plan 1,Room_Type 1,107,0.29,2017-09-09,Online,89.25,Not_Canceled
INN00398,1,0,0,4,Meal Plan 2,Room_Type 1,100,0.27,2018-09-28,Offline,110.00,Not_Canceled
INN00399,2,0,1,2,Meal Plan 1,Room_Type 1,273,0.75,2018-05-13,Online,95.00,Canceled
INN00400,2,0,0,1,Not Selected,Room_Type 1,29,0.08,2018-03-18,Online,79.00,Not_Canceled
INN00401,2,0,0,1,Meal Plan 1,Room_Type 1,221,0.61,2018-12-08,Online,80.00,Canceled
INN00402,2,0,2,2,Meal Plan 1,Room_Type 1,213,0.58,2018-01-10,Online,102.85,Canceled
INN00403,2,0,1,2,Meal Plan 1,Room_Type 1,198,0.54,2018-09-09,Online,90.00,Canceled
INN00404,2,0,1,2,Meal Plan 1,Room_Type 2,81,0.22,2018-01-29,Online,62.37,Not_Canceled
INN00405,2,0,0,1,Not Selected,Room_Type 1,23,0.06,2018-08-04,Online,98.00,Not_Canceled
INN00406,2,0,0,3,Meal Plan 1,Room_Type 1,26,0.07,2017-09-17,Online,117.67,Canceled
INN00407,2,0,2,1,Meal Plan 1,Room_Type 1,20,0.05,2018-06-18,Online,141.00,Not_Canceled
INN00408,2,1,1,3,Meal Plan 1,Room_Type 6,124,0.34,2018-12-26,Online,156.61,Canceled
INN00409,3,0,0,3,Meal Plan 1,Room_Type 4,85,0.23,2018-03-08,Online,152.10,Canceled
INN00410,2,0,0,1,Meal Plan 1,Room_Type 1,167,0.46,2018-06-08,Online,105.30,Canceled
INN00411,2,0,1,3,Meal Plan 1,Room_Type 1,71,0.19,2018-05-30,Online,119.85,Not_Canceled
INN00412,2,0,0,2,Meal Plan 1,Room_Type 1,48,0.13,2018-04-11,Online,97.20,Not_Canceled
INN00413,1,0,0,1,Not Selected,Room_Type 1,37,0.1,2018-05-13,Online,116.10,Not_Canceled
INN00414,3,0,2,2,Meal Plan 1,Room_Type 4,76,0.21,2018-05-29,Online,150.45,Canceled
INN00415,1,0,0,1,Meal Plan 1,Room_Type 1,13,0.04,2018-01-20,Offline,71.00,Not_Canceled
INN00416,1,0,1,0,Meal Plan 1,Room_Type 1,3,0.01,2018-06-27,Complementary,0.00,Not_Canceled
INN00417,2,0,1,2,Meal Plan 1,Room_Type 4,75,0.21,2017-07-12,Offline,60.00,Not_Canceled
INN00418,1,0,0,1,Meal Plan 1,Room_Type 1,5,0.01,2018-05-04,Corporate,89.00,Not_Canceled
INN00419,2,0,2,0,Meal Plan 2,Room_Type 1,386,1.06,2018-10-23,Online,115.00,Canceled
INN00420,2,0,1,1,Meal Plan 1,Room_Type 1,180,0.49,2018-02-05,Offline,100.00,Not_Canceled
INN00421,2,0,1,3,Not Selected,Room_Type 1,122,0.33,2018-11-14,Online,75.90,Canceled
INN00422,2,0,1,2,Meal Plan 1,Room_Type 1,224,0.61,2017-02-10,Offline,65.00,Not_Canceled
INN00423,2,0,2,2,Meal Plan 1,Room_Type 1,24,0.07,2018-05-29,Online,104.55,Not_Canceled
INN00424,1,0,2,2,Meal Plan 1,Room_Type 1,162,0.44,2018-10-14,Online,115.00,Canceled
INN00425,3,0,1,1,Meal Plan 1,Room_Type 4,25,0.07,2018-02-07,Online,187.00,Canceled
INN00426,1,0,0,1,Meal Plan 1,Room_Type 1,1,0,2018-04-08,Online,115.00,Not_Canceled
INN00427,2,0,0,4,Not Selected,Room_Type 1,236,0.65,2018-09-27,Online,84.43,Canceled
INN00428,2,0,2,3,Meal Plan 1,Room_Type 1,120,0.33,2018-08-04,Online,90.95,Canceled
INN00429,2,0,1,3,Meal Plan 2,Room_Type 4,12,0.03,2018-03-24,Online,208.00,Not_Canceled
INN00430,2,0,2,4,Meal Plan 1,Room_Type 1,224,0.61,2018-03-09,Online,97.18,Canceled
INN00431,1,0,0,4,Meal Plan 2,Room_Type 1,33,0.09,2017-10-21,Offline,79.11,Not_Canceled
INN00432,2,0,0,2,Meal Plan 1,Room_Type 1,24,0.07,2018-05-13,Complementary,0.00,Not_Canceled
INN00433,2,0,0,1,Meal Plan 1,Room_Type 4,22,0.06,2017-08-09,Online,120.00,Not_Canceled
INN00434,2,0,0,3,Meal Plan 1,Room_Type 1,10,0.03,2017-10-20,Online,126.00,Not_Canceled
INN00435,2,0,0,2,Meal Plan 1,Room_Type 1,15,0.04,2018-02-16,Online,91.00,Canceled
INN00436,2,0,0,5,Meal Plan 2,Room_Type 1,230,0.63,2018-06-09,Online,137.00,Canceled
INN00437,2,0,0,4,Meal Plan 1,Room_Type 1,54,0.15,2018-03-16,Offline,67.32,Not_Canceled
INN00438,2,0,0,1,Meal Plan 1,Room_Type 1,45,0.12,2017-10-23,Online,81.62,Not_Canceled
INN00439,3,0,1,3,Meal Plan 2,Room_Type 4,63,0.17,2018-10-24,Online,123.66,Not_Canceled
INN00440,2,0,2,1,Not Selected,Room_Type 1,166,0.45,2018-06-08,Online,94.50,Not_Canceled
INN00441,2,0,1,4,Meal Plan 1,Room_Type 1,148,0.41,2018-08-22,Online,96.30,Canceled
INN00442,2,0,2,1,Meal Plan 1,Room_Type 1,136,0.37,2018-08-13,Online,88.01,Not_Canceled
INN00443,2,0,1,3,Meal Plan 1,Room_Type 1,37,0.1,2018-10-03,Online,81.90,Not_Canceled
INN00444,2,0,0,4,Meal Plan 1,Room_Type 1,66,0.18,2018-11-05,Online,119.85,Not_Canceled
INN00445,1,0,0,1,Meal Plan 1,Room_Type 1,11,0.03,2017-10-23,Offline,83.50,Not_Canceled
INN00446,1,0,0,1,Meal Plan 1,Room_Type 1,1,0,2018-01-04,Corporate,67.00,Not_Canceled
INN00447,2,0,2,2,Meal Plan 1,Room_Type 4,7,0.02,2018-06-19,Online,156.00,Not_Canceled
INN00448,2,0,0,1,Meal Plan 1,Room_Type 1,43,0.12,2017-10-13,Offline,85.00,Not_Canceled
INN00449,2,0,3,5,Meal Plan 1,Room_Type 4,5,0.01,2018-04-04,Online,126.75,Canceled
INN00450,2,0,1,1,Meal Plan 2,Room_Type 1,247,0.68,2018-06-06,Online,115.00,Canceled
INN00451,2,0,2,1,Not Selected,Room_Type 1,24,0.07,2018-10-16,Online,107.10,Canceled
INN00452,1,0,0,1,Meal Plan 1,Room_Type 1,53,0.15,2018-10-14,Offline,120.00,Not_Canceled
INN00453,2,0,2,1,Meal Plan 1,Room_Type 1,52,0.14,2018-11-19,Online,93.60,Not_Canceled
INN00454,2,0,0,1,Meal Plan 1,Room_Type 1,56,0.15,2018-08-06,Offline,120.00,Not_Canceled
INN00455,1,0,0,1,Meal Plan 1,Room_Type 1,12,0.03,2018-08-06,Offline,90.00,Not_Canceled
INN00456,2,0,0,5,Meal Plan 1,Room_Type 1,230,0.63,2018-06-09,Online,137.00,Canceled
INN00457,2,1,1,3,Meal Plan 1,Room_Type 1,92,0.25,2018-10-31,Online,106.43,Canceled
INN00458,1,0,0,3,Not Selected,Room_Type 1,2,0.01,2018-05-31,Online,87.78,Not_Canceled
INN00459,2,0,0,2,Meal Plan 2,Room_Type 1,74,0.2,2017-09-18,Offline,101.50,Not_Canceled
INN00460,2,0,0,1,Not Selected,Room_Type 1,82,0.22,2018-06-23,Online,85.50,Canceled
INN00461,1,0,0,3,Meal Plan 1,Room_Type 1,37,0.1,2018-10-13,Offline,95.00,Not_Canceled
INN00462,2,0,2,2,Meal Plan 1,Room_Type 4,147,0.4,2018-01-07,Online,103.70,Not_Canceled
INN00463,1,0,0,1,Meal Plan 1,Room_Type 1,2,0.01,2017-08-26,Corporate,65.00,Not_Canceled
INN00464,2,0,2,6,Meal Plan 1,Room_Type 1,166,0.45,2018-08-18,Online,100.12,Canceled
INN00465,2,0,1,3,Meal Plan 2,Room_Type 1,28,0.08,2018-11-04,Online,156.25,Not_Canceled
INN00466,2,0,1,2,Meal Plan 2,Room_Type 1,309,0.85,2018-05-13,Online,101.00,Canceled
INN00467,2,0,1,3,Meal Plan 2,Room_Type 1,54,0.15,2018-04-07,Online,161.10,Not_Canceled
INN00468,2,0,1,3,Not Selected,Room_Type 1,49,0.13,2018-08-12,Online,83.80,Not_Canceled
INN00469,2,1,0,1,Meal Plan 1,Room_Type 1,1,0,2018-06-18,Online,168.00,Not_Canceled
INN00470,2,0,2,1,Meal Plan 1,Room_Type 1,0,0,2017-12-27,Offline,58.00,Not_Canceled
INN00471,2,0,2,1,Meal Plan 2,Room_Type 1,4,0.01,2017-08-08,Offline,94.50,Not_Canceled
INN00472,2,0,0,4,Meal Plan 1,Room_Type 1,60,0.16,2017-09-12,Online,96.30,Not_Canceled
INN00473,2,0,0,1,Meal Plan 1,Room_Type 1,157,0.43,2017-08-14,Online,76.50,Not_Canceled
INN00474,2,0,2,3,Meal Plan 1,Room_Type 1,268,0.73,2018-08-04,Offline,78.00,Not_Canceled
INN00475,2,0,1,1,Not Selected,Room_Type 1,38,0.1,2018-09-26,Online,112.59,Canceled
INN00476,2,2,2,1,Meal Plan 1,Room_Type 7,30,0.08,2018-12-06,Online,187.04,Canceled
INN00477,2,0,0,1,Meal Plan 1,Room_Type 1,2,0.01,2018-11-10,Online,169.00,Not_Canceled
INN00478,2,0,3,7,Not Selected,Room_Type 1,217,0.59,2018-05-12,Online,46.63,Not_Canceled
INN00479,2,0,0,3,Meal Plan 1,Room_Type 1,143,0.39,2018-08-25,Offline,100.00,Not_Canceled
INN00480,2,0,0,3,Not Selected,Room_Type 1,179,0.49,2018-10-19,Online,85.50,Not_Canceled
INN00481,1,0,0,2,Meal Plan 1,Room_Type 1,188,0.52,2018-06-15,Online,130.00,Canceled
INN00482,3,0,2,2,Meal Plan 1,Room_Type 4,94,0.26,2018-08-07,Online,146.70,Not_Canceled
INN00483,1,0,0,2,Meal Plan 1,Room_Type 1,32,0.09,2017-11-20,Offline,73.00,Not_Canceled
INN00484,3,0,2,2,Meal Plan 1,Room_Type 6,2,0.01,2018-01-04,Online,143.22,Not_Canceled
INN00485,2,0,0,3,Meal Plan 1,Room_Type 1,70,0.19,2017-10-22,Online,89.25,Not_Canceled
INN00486,2,0,1,0,Not Selected,Room_Type 1,4,0.01,2018-09-19,Offline,85.00,Not_Canceled
INN00487,2,0,2,0,Meal Plan 1,Room_Type 1,34,0.09,2018-02-28,Complementary,6.50,Not_Canceled
INN00488,2,2,0,1,Meal Plan 1,Room_Type 2,16,0.04,2018-08-03,Online,83.03,Canceled
INN00489,2,0,1,3,Meal Plan 1,Room_Type 1,24,0.07,2018-11-02,Online,91.00,Canceled
INN00490,2,0,2,2,Not Selected,Room_Type 1,78,0.21,2018-10-04,Online,80.75,Not_Canceled
INN00491,2,0,1,2,Meal Plan 1,Room_Type 1,305,0.84,2018-04-11,Online,89.00,Canceled
INN00492,2,0,0,3,Meal Plan 1,Room_Type 1,37,0.1,2018-10-13,Offline,105.00,Not_Canceled
INN00493,2,0,2,5,Meal Plan 1,Room_Type 1,98,0.27,2018-04-30,Online,109.81,Not_Canceled
INN00494,2,0,1,3,Meal Plan 1,Room_Type 4,14,0.04,2018-05-12,Online,70.88,Not_Canceled
INN00495,1,0,0,2,Not Selected,Room_Type 1,44,0.12,2018-11-23,Online,83.60,Not_Canceled
INN00496,1,0,2,1,Meal Plan 1,Room_Type 1,1,0,2018-02-28,Online,60.00,Canceled
INN00497,2,0,0,3,Meal Plan 1,Room_Type 1,213,0.58,2018-07-06,Online,130.00,Canceled
INN00498,1,0,1,1,Meal Plan 1,Room_Type 1,5,0.01,2018-04-04,Online,95.00,Not_Canceled
INN00499,2,0,0,1,Meal Plan 2,Room_Type 1,55,0.15,2018-06-04,Offline,104.00,Not_Canceled
INN00500,2,0,0,3,Meal Plan 1,Room_Type 4,139,0.38,2018-11-02,Offline,62.00,Not_Canceled
INN00501,2,0,2,1,Meal Plan 1,Room_Type 2,44,0.12,2018-04-23,Offline,95.00,Not_Canceled
INN00502,1,0,2,1,Meal Plan 2,Room_Type 4,18,0.05,2018-02-28,Online,145.00,Not_Canceled
INN00503,1,0,1,0,Meal Plan 1,Room_Type 1,0,0,2018-10-17,Corporate,95.00,Not_Canceled
INN00504,1,0,0,2,Meal Plan 1,Room_Type 1,192,0.53,2018-06-24,Offline,95.00,Not_Canceled
INN00505,2,0,2,4,Meal Plan 1,Room_Type 1,152,0.42,2018-06-18,Offline,80.75,Not_Canceled
INN00506,3,0,0,4,Meal Plan 1,Room_Type 4,42,0.12,2018-08-30,Online,142.20,Not_Canceled
INN00507,3,0,2,3,Meal Plan 1,Room_Type 4,209,0.57,2018-10-21,Online,128.70,Canceled
INN00508,2,0,2,3,Meal Plan 1,Room_Type 1,69,0.19,2018-03-20,Online,90.95,Not_Canceled
INN00509,2,0,1,2,Meal Plan 1,Room_Type 1,80,0.22,2018-11-18,Online,93.60,Not_Canceled
INN00510,2,0,1,2,Meal Plan 1,Room_Type 4,49,0.13,2017-09-11,Offline,60.00,Not_Canceled
INN00511,1,0,0,3,Meal Plan 1,Room_Type 1,143,0.39,2018-08-25,Offline,90.00,Not_Canceled
INN00512,2,0,2,1,Not Selected,Room_Type 1,67,0.18,2017-05-12,Online,95.40,Not_Canceled
INN00513,2,0,0,2,Meal Plan 1,Room_Type 1,41,0.11,2018-10-21,Online,160.00,Canceled
INN00514,2,0,2,1,Meal Plan 1,Room_Type 4,154,0.42,2018-10-30,Online,104.10,Canceled
INN00515,2,0,0,1,Meal Plan 2,Room_Type 1,55,0.15,2018-06-04,Offline,104.00,Not_Canceled
INN00516,2,0,0,4,Meal Plan 1,Room_Type 1,2,0.01,2018-03-08,Offline,109.00,Not_Canceled
INN00517,2,0,2,4,Meal Plan 1,Room_Type 4,99,0.27,2018-10-04,Online,93.78,Canceled
INN00518,1,0,0,2,Meal Plan 1,Room_Type 1,14,0.04,2017-10-14,Corporate,95.00,Not_Canceled
INN00519,1,0,0,1,Not Selected,Room_Type 1,0,0,2018-10-15,Online,140.00,Not_Canceled
INN00520,2,0,1,3,Meal Plan 1,Room_Type 1,22,0.06,2017-12-24,Online,87.00,Not_Canceled
INN00521,1,0,2,1,Meal Plan 1,Room_Type 4,7,0.02,2018-05-03,Online,85.85,Not_Canceled
INN00522,2,0,1,3,Meal Plan 1,Room_Type 4,84,0.23,2018-03-24,Online,99.45,Not_Canceled
INN00523,2,0,0,4,Meal Plan 1,Room_Type 4,109,0.3,2018-04-05,Online,120.28,Not_Canceled
INN00524,1,0,0,3,Meal Plan 1,Room_Type 1,71,0.19,2018-06-14,Offline,120.00,Not_Canceled
INN00525,2,0,2,0,Meal Plan 1,Room_Type 1,4,0.01,2018-03-04,Online,77.77,Not_Canceled
INN00526,1,0,0,3,Meal Plan 1,Room_Type 1,71,0.19,2018-06-14,Offline,120.00,Not_Canceled
INN00527,2,0,0,1,Not Selected,Room_Type 1,58,0.16,2018-10-06,Online,116.10,Not_Canceled
INN00528,3,0,0,1,Meal Plan 2,Room_Type 4,133,0.36,2018-07-23,Online,189.00,Canceled
INN00529,2,0,2,1,Meal Plan 1,Room_Type 4,27,0.07,2018-06-26,Online,152.67,Canceled
INN00530,2,0,2,3,Meal Plan 1,Room_Type 1,27,0.07,2018-04-02,Online,66.31,Not_Canceled
INN00531,1,0,0,1,Meal Plan 1,Room_Type 1,9,0.02,2017-10-09,Online,95.00,Not_Canceled
INN00532,2,1,0,3,Meal Plan 1,Room_Type 1,86,0.24,2018-08-12,Online,122.00,Canceled
INN00533,2,0,0,3,Meal Plan 1,Room_Type 1,13,0.04,2017-12-17,Offline,58.00,Not_Canceled
INN00534,2,0,1,3,Meal Plan 1,Room_Type 1,0,0,2018-05-12,Online,89.89,Not_Canceled
INN00535,2,0,0,2,Meal Plan 1,Room_Type 4,5,0.01,2018-06-21,Online,156.00,Not_Canceled
INN00536,2,0,1,3,Meal Plan 1,Room_Type 4,82,0.22,2018-03-24,Online,99.45,Not_Canceled
INN00537,2,1,0,2,Meal Plan 1,Room_Type 6,330,0.9,2018-08-31,Online,172.80,Canceled
INN00538,2,0,1,3,Not Selected,Room_Type 1,3,0.01,2018-08-22,Online,98.56,Not_Canceled
INN00539,1,0,0,1,Meal Plan 1,Room_Type 1,35,0.1,2018-10-03,Online,71.10,Canceled
INN00540,1,0,6,15,Meal Plan 1,Room_Type 4,12,0.03,2018-03-30,Online,128.06,Canceled
INN00541,1,0,0,1,Meal Plan 1,Room_Type 1,0,0,2018-11-19,Complementary,0.00,Not_Canceled
INN00542,2,1,0,1,Meal Plan 1,Room_Type 1,7,0.02,2018-07-04,Online,106.00,Not_Canceled
INN00543,2,0,0,4,Meal Plan 1,Room_Type 4,47,0.13,2018-09-27,Online,130.61,Canceled
INN00544,2,0,2,3,Not Selected,Room_Type 1,117,0.32,2018-06-17,Online,105.74,Not_Canceled
INN00545,2,0,0,2,Meal Plan 1,Room_Type 4,2,0.01,2018-10-06,Online,136.00,Not_Canceled
INN00546,2,0,0,1,Meal Plan 1,Room_Type 1,26,0.07,2018-08-06,Offline,120.00,Not_Canceled
INN00547,2,0,2,2,Not Selected,Room_Type 1,75,0.21,2018-02-12,Online,74.80,Not_Canceled
INN00548,2,0,0,2,Meal Plan 2,Room_Type 1,256,0.7,2018-06-15,Online,112.00,Canceled
INN00549,2,1,1,0,Meal Plan 1,Room_Type 1,137,0.38,2018-08-21,Online,121.50,Not_Canceled
INN00550,2,0,0,4,Meal Plan 1,Room_Type 1,92,0.25,2017-07-10,Offline,70.00,Not_Canceled
INN00551,1,0,0,1,Meal Plan 1,Room_Type 1,1,0,2018-11-29,Offline,75.00,Not_Canceled
INN00552,2,0,0,1,Meal Plan 1,Room_Type 1,18,0.05,2018-02-01,Offline,54.00,Not_Canceled
INN00553,2,0,1,2,Meal Plan 1,Room_Type 1,78,0.21,2018-03-25,Online,100.00,Canceled
INN00554,1,0,0,1,Meal Plan 1,Room_Type 4,8,0.02,2018-04-23,Complementary,0.00,Not_Canceled
INN00555,1,2,4,9,Meal Plan 1,Room_Type 6,30,0.08,2018-02-11,Online,186.22,Canceled
INN00556,2,0,2,0,Not Selected,Room_Type 1,117,0.32,2018-11-13,Online,79.20,Not_Canceled
INN00557,2,0,1,1,Meal Plan 1,Room_Type 1,10,0.03,2018-03-19,Online,103.00,Not_Canceled
INN00558,2,0,2,2,Meal Plan 1,Room_Type 1,56,0.15,2017-09-25,Offline,185.00,Not_Canceled
INN00559,2,0,0,2,Meal Plan 1,Room_Type 1,8,0.02,2017-10-20,Online,135.00,Not_Canceled
INN00560,2,0,2,0,Meal Plan 2,Room_Type 1,386,1.06,2018-10-23,Online,115.00,Canceled
INN00561,2,0,0,2,Meal Plan 2,Room_Type 1,273,0.75,2017-07-17,Online,109.00,Canceled
INN00562,2,0,0,1,Meal Plan 1,Room_Type 1,33,0.09,2018-11-26,Online,104.00,Canceled
INN00563,3,0,2,5,Meal Plan 1,Room_Type 4,184,0.5,2018-03-08,Online,130.05,Not_Canceled
INN00564,2,0,1,3,Meal Plan 1,Room_Type 1,232,0.64,2018-05-09,Online,100.30,Canceled
INN00565,1,0,0,2,Meal Plan 1,Room_Type 1,188,0.52,2018-06-15,Online,130.00,Canceled
INN00566,2,0,0,2,Meal Plan 2,Room_Type 1,102,0.28,2017-10-16,Offline,109.00,Not_Canceled
INN00567,2,0,2,2,Meal Plan 1,Room_Type 4,45,0.12,2018-07-10,Online,139.50,Canceled
INN00568,1,0,0,1,Meal Plan 1,Room_Type 1,1,0,2018-03-02,Corporate,66.00,Not_Canceled
INN00569,2,0,2,2,Meal Plan 1,Room_Type 1,63,0.17,2018-03-09,Online,106.88,Not_Canceled
INN00570,2,0,2,2,Meal Plan 1,Room_Type 4,89,0.24,2018-09-16,Online,149.40,Not_Canceled
INN00571,1,0,0,2,Meal Plan 1,Room_Type 1,63,0.17,2018-04-26,Online,109.35,Not_Canceled
INN00572,2,0,0,3,Meal Plan 1,Room_Type 1,304,0.83,2018-03-11,Online,89.00,Canceled
INN00573,1,0,2,1,Meal Plan 1,Room_Type 1,1,0,2018-09-04,Online,115.00,Not_Canceled
INN00574,1,0,0,1,Meal Plan 1,Room_Type 1,51,0.14,2018-03-16,Corporate,85.50,Not_Canceled
INN00575,2,0,0,2,Meal Plan 1,Room_Type 4,110,0.3,2018-04-20,Online,90.95,Not_Canceled
INN00576,2,0,2,1,Meal Plan 1,Room_Type 4,20,0.05,2018-07-30,Online,117.55,Not_Canceled
INN00577,2,0,0,1,Not Selected,Room_Type 1,50,0.14,2018-10-19,Online,108.00,Canceled
INN00578,2,0,0,3,Meal Plan 1,Room_Type 4,48,0.13,2018-11-10,Online,139.50,Not_Canceled
INN00579,2,0,0,3,Meal Plan 1,Room_Type 5,96,0.26,2018-09-13,Online,129.88,Canceled
INN00580,2,0,1,4,Meal Plan 1,Room_Type 1,148,0.41,2017-12-30,Offline,67.00,Not_Canceled
INN00581,2,0,1,1,Not Selected,Room_Type 1,25,0.07,2018-03-10,Online,129.00,Canceled
INN00582,2,0,2,5,Meal Plan 1,Room_Type 1,148,0.41,2018-06-25,Online,79.53,Canceled
INN00583,2,0,1,3,Meal Plan 1,Room_Type 1,114,0.31,2018-08-22,Offline,72.25,Not_Canceled
INN00584,1,0,0,2,Meal Plan 2,Room_Type 1,257,0.7,2017-01-07,Offline,80.00,Not_Canceled
INN00585,2,0,2,5,Meal Plan 1,Room_Type 1,105,0.29,2018-11-06,Online,119.85,Not_Canceled
INN00586,1,0,1,2,Meal Plan 1,Room_Type 1,4,0.01,2017-02-11,Online,117.00,Not_Canceled
INN00587,2,0,2,2,Meal Plan 2,Room_Type 4,67,0.18,2017-06-09,Complementary,29.00,Not_Canceled
INN00588,2,0,2,2,Meal Plan 1,Room_Type 1,61,0.17,2018-02-09,Online,118.80,Not_Canceled
INN00589,2,0,0,2,Meal Plan 1,Room_Type 1,79,0.22,2018-12-30,Offline,192.03,Not_Canceled
INN00590,3,0,0,1,Meal Plan 1,Room_Type 1,74,0.2,2018-05-21,Online,168.30,Not_Canceled
INN00591,2,0,0,1,Not Selected,Room_Type 1,120,0.33,2018-12-05,Online,72.76,Not_Canceled
INN00592,2,0,0,3,Meal Plan 1,Room_Type 1,157,0.43,2018-08-12,Offline,68.00,Not_Canceled
INN00593,2,0,0,4,Meal Plan 1,Room_Type 1,4,0.01,2018-06-01,Online,89.00,Not_Canceled
INN00594,2,0,2,5,Meal Plan 1,Room_Type 4,46,0.13,2018-08-28,Online,124.46,Not_Canceled
INN00595,1,0,2,1,Meal Plan 1,Room_Type 1,41,0.11,2018-03-13,Corporate,70.33,Not_Canceled
INN00596,3,0,1,4,Meal Plan 1,Room_Type 4,84,0.23,2018-06-15,Online,170.10,Not_Canceled
INN00597,2,0,0,2,Meal Plan 1,Room_Type 1,245,0.67,2018-06-17,Online,75.00,Canceled
INN00598,2,0,0,3,Meal Plan 1,Room_Type 4,27,0.07,2018-06-29,Online,125.25,Not_Canceled
INN00599,2,0,3,7,Meal Plan 1,Room_Type 1,74,0.2,2017-07-27,Online,55.90,Not_Canceled
INN00600,2,0,1,2,Meal Plan 1,Room_Type 1,85,0.23,2018-06-20,Online,126.90,Canceled
INN00601,2,0,0,2,Not Selected,Room_Type 1,6,0.02,2018-02-26,Online,79.00,Canceled
INN00602,2,0,2,3,Meal Plan 1,Room_Type 1,256,0.7,2018-10-23,Online,94.35,Canceled
INN00603,2,0,0,2,Meal Plan 2,Room_Type 1,265,0.73,2018-06-24,Online,109.00,Canceled
INN00604,2,0,2,3,Meal Plan 1,Room_Type 4,64,0.18,2018-04-15,Online,112.20,Not_Canceled
INN00605,1,0,0,1,Meal Plan 1,Room_Type 1,0,0,2017-01-10,Corporate,109.00,Not_Canceled
INN00606,1,0,0,2,Meal Plan 1,Room_Type 1,91,0.25,2018-09-14,Corporate,65.00,Not_Canceled
INN00607,2,0,1,3,Meal Plan 1,Room_Type 1,127,0.35,2018-04-28,Offline,90.00,Not_Canceled
INN00608,2,0,0,3,Meal Plan 1,Room_Type 1,73,0.2,2018-07-14,Offline,85.00,Not_Canceled
INN00609,2,0,0,4,Meal Plan 1,Room_Type 1,36,0.1,2018-12-28,Online,168.73,Not_Canceled
INN00610,2,0,1,3,Meal Plan 1,Room_Type 1,17,0.05,2018-08-12,Online,100.38,Not_Canceled
INN00611,2,0,2,5,Meal Plan 1,Room_Type 1,164,0.45,2018-07-27,Online,99.45,Canceled
INN00612,2,0,0,1,Meal Plan 1,Room_Type 1,0,0,2018-09-27,Corporate,160.00,Not_Canceled
INN00613,2,0,2,1,Meal Plan 1,Room_Type 1,37,0.1,2018-02-10,Online,126.00,Not_Canceled
INN00614,3,0,1,2,Meal Plan 1,Room_Type 1,191,0.52,2018-01-08,Offline,96.90,Not_Canceled
INN00615,2,2,2,4,Meal Plan 1,Room_Type 2,33,0.09,2017-10-17,Online,95.00,Not_Canceled
INN00616,2,0,2,1,Meal Plan 1,Room_Type 1,32,0.09,2017-05-09,Online,94.50,Not_Canceled
INN00617,1,0,1,1,Meal Plan 1,Room_Type 1,3,0.01,2017-07-09,Offline,98.80,Not_Canceled
INN00618,2,0,2,1,Not Selected,Room_Type 1,53,0.15,2018-10-07,Online,100.50,Not_Canceled
INN00619,2,0,1,0,Meal Plan 2,Room_Type 7,8,0.02,2018-06-19,Complementary,0.00,Not_Canceled
INN00620,2,0,2,1,Meal Plan 1,Room_Type 1,107,0.29,2018-05-29,Online,80.75,Canceled
INN00621,2,0,0,1,Meal Plan 2,Room_Type 1,55,0.15,2018-06-04,Offline,104.00,Not_Canceled
INN00622,2,0,1,2,Meal Plan 1,Room_Type 1,84,0.23,2018-04-29,Offline,89.75,Not_Canceled
INN00623,2,2,0,2,Meal Plan 1,Room_Type 6,0,0,2017-08-25,Online,156.00,Not_Canceled
INN00624,2,0,1,1,Meal Plan 1,Room_Type 4,1,0,2018-11-06,Online,136.00,Not_Canceled
INN00625,2,0,0,2,Meal Plan 1,Room_Type 1,29,0.08,2018-02-12,Corporate,85.00,Not_Canceled
INN00626,2,0,0,4,Meal Plan 1,Room_Type 4,41,0.11,2017-10-14,Online,87.54,Not_Canceled
INN00627,2,0,0,2,Meal Plan 1,Room_Type 1,86,0.24,2017-09-09,Corporate,100.00,Not_Canceled
INN00628,2,0,2,2,Meal Plan 1,Room_Type 1,167,0.46,2018-01-10,Online,108.90,Canceled
INN00629,2,0,0,3,Not Selected,Room_Type 1,34,0.09,2018-06-14,Online,107.10,Not_Canceled
INN00630,2,0,1,2,Meal Plan 1,Room_Type 1,101,0.28,2018-04-04,Online,80.00,Canceled
INN00631,2,0,0,3,Meal Plan 1,Room_Type 1,259,0.71,2018-05-05,Online,90.00,Canceled
INN00632,2,0,0,2,Meal Plan 1,Room_Type 1,122,0.33,2018-12-05,Online,105.30,Not_Canceled
INN00633,2,0,0,1,Not Selected,Room_Type 1,1,0,2018-11-02,Online,80.00,Not_Canceled
INN00634,2,0,0,2,Meal Plan 1,Room_Type 4,107,0.29,2018-08-25,Online,142.20,Not_Canceled
INN00635,2,0,0,3,Meal Plan 1,Room_Type 4,35,0.1,2018-05-04,Online,131.40,Not_Canceled
INN00636,1,0,0,2,Meal Plan 1,Room_Type 1,192,0.53,2018-06-24,Offline,95.00,Not_Canceled
INN00637,2,0,0,2,Meal Plan 1,Room_Type 1,4,0.01,2018-01-04,Online,111.00,Canceled
INN00638,2,0,1,3,Meal Plan 1,Room_Type 1,85,0.23,2018-06-10,Offline,85.00,Not_Canceled
INN00639,3,0,0,4,Meal Plan 1,Room_Type 4,137,0.38,2018-08-24,Online,130.95,Canceled
INN00640,2,0,0,2,Meal Plan 2,Room_Type 1,74,0.2,2017-09-18,Offline,101.50,Not_Canceled
INN00641,1,0,2,1,Meal Plan 1,Room_Type 1,116,0.32,2018-02-28,Offline,82.00,Not_Canceled
INN00642,2,0,2,2,Meal Plan 1,Room_Type 1,34,0.09,2017-09-13,Online,94.50,Not_Canceled
INN00643,2,0,2,1,Meal Plan 1,Room_Type 1,56,0.15,2018-08-28,Online,109.80,Canceled
INN00644,2,0,2,4,Meal Plan 1,Room_Type 1,149,0.41,2018-10-07,Online,72.25,Canceled
INN00645,2,0,2,2,Not Selected,Room_Type 1,12,0.03,2018-06-02,Online,55.72,Not_Canceled
INN00646,3,0,1,1,Meal Plan 1,Room_Type 4,52,0.14,2018-10-17,Online,158.40,Canceled
INN00647,2,0,1,4,Meal Plan 1,Room_Type 4,191,0.52,2018-03-30,Offline,69.00,Not_Canceled
INN00648,2,0,0,3,Meal Plan 1,Room_Type 1,37,0.1,2018-10-13,Offline,105.00,Not_Canceled
INN00649,2,0,0,3,Meal Plan 1,Room_Type 4,57,0.16,2018-12-29,Online,219.60,Canceled
INN00650,1,0,2,3,Meal Plan 1,Room_Type 1,9,0.02,2018-08-01,Offline,44.80,Not_Canceled
INN00651,2,0,0,1,Not Selected,Room_Type 1,7,0.02,2018-10-26,Online,120.00,Not_Canceled
INN00652,2,0,1,2,Meal Plan 1,Room_Type 1,78,0.21,2018-03-25,Online,100.00,Canceled
INN00653,2,0,0,1,Not Selected,Room_Type 1,0,0,2018-07-06,Online,109.00,Not_Canceled
INN00654,0,2,1,2,Meal Plan 1,Room_Type 2,78,0.21,2018-08-19,Online,115.68,Not_Canceled
INN00655,2,0,1,2,Meal Plan 1,Room_Type 1,31,0.08,2018-09-16,Offline,75.00,Not_Canceled
INN00656,2,0,0,2,Meal Plan 2,Room_Type 5,37,0.1,2018-06-17,Offline,134.10,Not_Canceled
INN00657,2,0,2,1,Meal Plan 1,Room_Type 4,8,0.02,2018-05-29,Online,124.10,Not_Canceled
INN00658,4,0,0,2,Meal Plan 1,Room_Type 7,32,0.09,2018-08-17,Online,214.75,Not_Canceled
INN00659,2,0,1,2,Meal Plan 1,Room_Type 1,48,0.13,2018-10-31,Offline,75.00,Not_Canceled
INN00660,2,0,1,2,Meal Plan 1,Room_Type 1,89,0.24,2017-11-23,Online,72.25,Not_Canceled
INN00661,1,0,1,0,Meal Plan 1,Room_Type 1,0,0,2018-07-03,Corporate,80.00,Not_Canceled
INN00662,2,0,0,1,Meal Plan 1,Room_Type 1,15,0.04,2018-09-20,Online,139.00,Not_Canceled
INN00663,1,0,0,1,Meal Plan 1,Room_Type 1,10,0.03,2018-01-28,Corporate,66.00,Not_Canceled
INN00664,1,0,0,3,Meal Plan 1,Room_Type 1,43,0.12,2018-05-31,Online,115.50,Not_Canceled
INN00665,2,1,1,1,Meal Plan 1,Room_Type 1,27,0.07,2018-08-08,Online,195.50,Not_Canceled
INN00666,2,0,2,0,Meal Plan 2,Room_Type 1,386,1.06,2018-10-23,Online,115.00,Canceled
INN00667,1,0,0,1,Meal Plan 2,Room_Type 1,72,0.2,2017-09-18,Offline,84.00,Not_Canceled
INN00668,2,0,2,1,Not Selected,Room_Type 1,10,0.03,2018-10-16,Online,107.80,Not_Canceled
INN00669,2,0,0,3,Meal Plan 1,Room_Type 1,37,0.1,2018-10-13,Offline,105.00,Not_Canceled
INN00670,2,0,2,3,Meal Plan 1,Room_Type 1,170,0.47,2018-08-04,Offline,78.00,Not_Canceled
INN00671,1,0,0,2,Meal Plan 2,Room_Type 1,265,0.73,2018-06-24,Offline,90.00,Not_Canceled
INN00672,2,0,1,1,Not Selected,Room_Type 1,49,0.13,2018-09-07,Online,105.30,Canceled
INN00673,2,0,0,3,Meal Plan 1,Room_Type 1,51,0.14,2018-02-25,Online,80.30,Not_Canceled
INN00674,1,0,1,0,Meal Plan 2,Room_Type 1,3,0.01,2018-08-02,Online,129.00,Not_Canceled
INN00675,2,0,0,2,Meal Plan 2,Room_Type 1,265,0.73,2018-06-24,Online,115.00,Canceled
INN00676,2,0,2,0,Not Selected,Room_Type 1,34,0.09,2018-11-09,Online,125.10,Not_Canceled
INN00677,2,0,0,1,Meal Plan 1,Room_Type 1,1,0,2018-02-27,Online,103.00,Not_Canceled
INN00678,2,0,2,0,Not Selected,Room_Type 1,77,0.21,2018-01-05,Online,125.10,Not_Canceled
INN00679,1,0,2,5,Not Selected,Room_Type 1,60,0.16,2018-06-17,Online,96.17,Canceled
INN00680,2,0,2,2,Meal Plan 1,Room_Type 1,56,0.15,2017-09-25,Offline,185.00,Not_Canceled
INN00681,2,0,2,0,Not Selected,Room_Type 1,0,0,2018-12-06,Online,69.74,Not_Canceled
INN00682,2,2,2,3,Meal Plan 1,Room_Type 6,136,0.37,2018-09-07,Online,172.55,Canceled
INN00683,1,0,0,3,Meal Plan 1,Room_Type 1,4,0.01,2018-01-28,Online,95.00,Not_Canceled
INN00684,2,1,1,2,Meal Plan 2,Room_Type 1,68,0.19,2018-09-09,Online,166.35,Not_Canceled
INN00685,2,0,0,1,Not Selected,Room_Type 1,1,0,2018-11-18,Online,108.00,Not_Canceled
INN00686,2,0,1,3,Meal Plan 1,Room_Type 4,61,0.17,2018-03-21,Online,102.00,Not_Canceled
INN00687,2,0,1,2,Meal Plan 1,Room_Type 7,40,0.11,2018-05-13,Online,203.73,Not_Canceled
INN00688,2,0,2,5,Not Selected,Room_Type 1,6,0.02,2018-11-17,Online,78.69,Canceled
INN00689,2,0,0,3,Not Selected,Room_Type 1,58,0.16,2018-03-11,Online,79.20,Canceled
INN00690,1,0,0,2,Meal Plan 1,Room_Type 1,35,0.1,2018-03-16,Online,76.50,Not_Canceled
INN00691,2,0,0,2,Meal Plan 1,Room_Type 1,177,0.48,2018-03-06,Online,100.00,Canceled
INN00692,2,0,0,4,Meal Plan 1,Room_Type 1,13,0.04,2018-12-14,Online,88.40,Not_Canceled
INN00693,1,0,2,4,Meal Plan 1,Room_Type 1,245,0.67,2018-06-07,Online,110.00,Canceled
INN00694,2,0,1,2,Meal Plan 1,Room_Type 4,189,0.52,2018-10-28,Online,109.80,Canceled
INN00695,2,0,2,1,Meal Plan 1,Room_Type 1,271,0.74,2018-03-12,Offline,78.30,Not_Canceled
INN00696,2,0,0,2,Meal Plan 2,Room_Type 1,257,0.7,2017-01-07,Online,101.50,Canceled
INN00697,2,0,2,4,Not Selected,Room_Type 1,207,0.57,2018-07-28,Online,80.75,Not_Canceled
INN00698,2,0,2,2,Meal Plan 1,Room_Type 1,108,0.3,2018-12-25,Online,104.00,Not_Canceled
INN00699,2,0,0,3,Not Selected,Room_Type 1,39,0.11,2018-03-15,Online,51.19,Not_Canceled
INN00700,2,1,0,1,Meal Plan 1,Room_Type 1,11,0.03,2018-05-11,Online,150.00,Canceled
